Workbook

Sheet Employee Data
A1: EmployeeID | B1: Age | C1: Gender | D1: Department | E1: JobRole | F1: Location | G1: EducationLevel | H1: HireDate | I1: YearsAtCompany | J1: YearsOfExperience | K1: MonthlySalaryAED | L1: JobSatisfaction | M1: PerformanceRating | N1: Overtime | O1: WorkArrangement | P1: Attrition
A2: EMP0001 | B2: 22 | C2: Female | D2: Marketing | E2: Marketing Executive | F2: Dubai | G2: High School | H2: 2026-04-16 | I2: 0.4 | J2: 0 | K2: 6700 | L2: 2 | M2: 2 | N2: No | O2: On-site | P2: No
A3: EMP0002 | B3: 53 | C3: Female | D3: Sales | E3: Account Manager | F3: Dubai | G3: Master's | H3: 2026-02-05 | I3: 0.6 | J3: 28 | K3: 20400 | L3: 4 | M3: 4 | N3: No | O3: On-site | P3: No
A4: EMP0003 | B4: 30 | C4: Prefer not to say | D4: Finance | E4: Accountant | F4: Sharjah | G4: High School | H4: 2018-08-23 | I4: 8.2 | J4: 8 | K4: 10300 | L4: 2 | M4: 2 | N4: No | O4: Hybrid | P4: No
A5: EMP0004 | B5: 56 | C5: Female | D5: IT | E5: IT Support Specialist | F5: Dubai | G5: High School | H5: 2013-06-11 | I5: 13.4 | J5: 33 | K5: 16200 | L5: 4 | M5: 4 | N5: Yes | O5: On-site | P5: No
A6: EMP0005 | B6: 50 | C6: Male | D6: IT | E6: Software Developer | F6: Sharjah | G6: Diploma | H6: 2018-12-26 | I6: 7.8 | J6: 24 | K6: 19100 | L6: 3 | M6: 4 | N6: No | O6: Hybrid | P6: No
A7: EMP0006 | B7: 45 | C7: Non-binary | D7: Sales | E7: Sales Manager | F7: Abu Dhabi | G7: Bachelor's | H7: 2013-03-10 | I7: 13.7 | J7: 22 | K7: 20800 | L7: 2 | M7: 3 | N7: No | O7: On-site | P7: No
A8: EMP0007 | B8: 57 | C8: Non-binary | D8: Human Resources | E8: HR Officer | F8: Sharjah | G8: Doctorate | H8: 2020-01-19 | I8: 6.8 | J8: 31 | K8: 14900 | L8: 3 | M8: 5 | N8: No | O8: On-site | P8: No
A9: EMP0008 | B9: 44 | C9: Prefer not to say | D9: IT | E9: IT Manager | F9: Sharjah | G9: High School | H9: 2023-09-20 | I9: 3 | J9: 22 | K9: 27300 | L9: 2 | M9: 2 | N9: Yes | O9: Hybrid | P9: No
A10: EMP0009 | B10: 59 | C10: Non-binary | D10: IT | E10: IT Manager | F10: Sharjah | G10: Bachelor's | H10: 2015-07-12 | I10: 11.3 | J10: 35 | K10: 29900 | L10: 5 | M10: 1 | N10: No | O10: Hybrid | P10: No
A11: EMP0010 | B11: 48 | C11: Male | D11: Human Resources | E11: HR Analyst | F11: Dubai | G11: Bachelor's | H11: 2017-02-09 | I11: 9.8 | J11: 26 | K11: 14000 | L11: 5 | M11: 4 | N11: No | O11: On-site | P11: No
A12: EMP0011 | B12: 59 | C12: Female | D12: Sales | E12: Sales Executive | F12: Dubai | G12: Master's | H12: 2016-05-15 | I12: 10.5 | J12: 36 | K12: 12700 | L12: 5 | M12: 5 | N12: No | O12: On-site | P12: Yes
A13: EMP0012 | B13: 29 | C13: Male | D13: Human Resources | E13: HR Officer | F13: Sharjah | G13: Bachelor's | H13: 2024-02-16 | I13: 2.6 | J13: 3 | K13: 7800 | L13: 3 | M13: 5 | N13: No | O13: On-site | P13: No
... A501: EMP0500 | B501: 48 | C501: Prefer not to say | D501: Finance | E501: Accountant | F501: Dubai | G501: Doctorate | H501: 2016-02-25 | I501: 10.7 | J501: 26 | K501: 13400 | L501: 4 | M501: 4 | N501: No | O501: On-site | P501: No

Sheet KPI Summary
A1: HR ANALYTICS DASHBOARD
A3: TOTAL EMPLOYEES | B3: =COUNTA('[1]Employee Data '!A2:A501) -> 500
A4: DEPARTMENT | B4: HEADCOUNT
A5: HUMAN RESOURCES | B5: =COUNTIF('Employee Data'!D:D,A5) -> 88
A6: SALES | B6: =COUNTIF('Employee Data'!D:D,"*Sales*") -> 84
A7: FINANCE | B7: =COUNTIF('Employee Data'!D:D,A7) -> 101
A8: IT | B8: =COUNTIF('Employee Data'!D:D,A8) -> 83
A9: OPERATIONS | B9: =COUNTIF('Employee Data'!D:D,A9) -> 75
A10: MARKETING | B10: =COUNTIF('Employee Data'!D:D,A10) -> 69
A12: TOTAL ATTRITION | B12: =SUM(B16:B21) -> 43
A13: ATTRITION RATE | B13: =(B12/B3) -> 0.086
A15: DEPARTMENT | B15: ATTRITION | C15: ATTRITION RATE
A16: HUMAN RESOURCES | B16: =COUNTIFS('Employee Data'!D:D,A16,'Employee Data'!P:P,"Yes") -> 12 | C16: =IFERROR(B16/B5,0) -> 0.13636364
A17: SALES | B17: =COUNTIFS('Employee Data'!D:D,A17,'Employee Data'!P:P,"Yes") -> 0 | C17: =IFERROR(B17/B6,0) -> 0
A18: FINANCE | B18: =COUNTIFS('Employee Data'!D:D,A18,'Employee Data'!P:P,"Yes") -> 9 | C18: =IFERROR(B18/B7,0) -> 0.089108911
A19: IT | B19: =COUNTIFS('Employee Data'!D:D,A19,'Employee Data'!P:P,"Yes") -> 8 | C19: =IFERROR(B19/B8,0) -> 0.096385542
A20: OPERATIONS | B20: =COUNTIFS('Employee Data'!D:D,A20,'Employee Data'!P:P,"Yes") -> 7 | C20: =IFERROR(B20/B9,0) -> 0.093333333
A21: MARKETING | B21: =COUNTIFS('Employee Data'!D:D,A21,'Employee Data'!P:P,"Yes") -> 7 | C21: =IFERROR(B21/B10,0) -> 0.10144928
A24: EMPLOYEE SATISFACTION
A25: Overall Job Satifaction | B25: =AVERAGE('Employee Data'!L:L) -> 3.324
A27: DEPARTMENT | B27: AVG Satisfaction
A28: HUMAN RESOURCES | B28: =AVERAGEIF('Employee Data'!$D:$D,A28,'Employee Data'!$L:$L) -> 3.1477273
A29: SALES | B29: =AVERAGEIF('Employee Data'!$D:$D,"Sales",'Employee Data'!$L:$L) -> 3.4642857
A30: FINANCE | B30: =AVERAGEIF('Employee Data'!$D:$D,A30,'Employee Data'!$L:$L) -> 3.3663366
A31: IT | B31: =AVERAGEIF('Employee Data'!$D:$D,A31,'Employee Data'!$L:$L) -> 3.3373494
A32: OPERATIONS | B32: =AVERAGEIF('Employee Data'!$D:$D,A32,'Employee Data'!$L:$L) -> 3.2266667
A33: MARKETING | B33: =AVERAGEIF('Employee Data'!$D:$D,A33,'Employee Data'!$L:$L) -> 3.4057971
